{
  "timestamp": "2026-02-03T21:19:06.484874",
  "phase": "Final Threshold Optimization (Recall >= 66% constraint)",
  "model_file": "optimized_model_v2.pt",
  "device": "mps",
  "optimization_method": "Grid search (0.1-0.5, step 0.02) with constraint-based selection",
  "constraint": "Recall >= 0.66",
  "selected_threshold": 0.22000000000000003,
  "selection_reason": "Largest threshold satisfying Recall >= 0.66",
  "metrics_at_selected_threshold": {
    "threshold": 0.22000000000000003,
    "accuracy": 0.8291922048313108,
    "precision": 0.32485302808927924,
    "recall": 0.6696870478915864,
    "f1_score": 0.43748794420621306,
    "iou": 0.2799904843226499
  },
  "compliance": {
    "accuracy_target": 0.7,
    "accuracy_achieved": 0.8291922048313108,
    "accuracy_pass": true,
    "precision_target": 0.3,
    "precision_achieved": 0.32485302808927924,
    "precision_pass": true,
    "recall_target": 0.66,
    "recall_achieved": 0.6696870478915864,
    "recall_pass": true,
    "f1_target": 0.6,
    "f1_achieved": 0.43748794420621306,
    "f1_pass": false
  }
}